,fascard,upkeep
,21,6wAAr9VekL
,39,1C2MEet4sn
,728,9VZkWAQYtV
,1213,PS5Iv5e8CW
,56,QPitkvaCrk
,906,WdKzfRxybb
,727,WgGBxdQvAw
,1228,jB8Ovbb0eY
,1208,OFfuTZf5yc
,52,SNGRcfzFba
,1476,nSzJtOYm8A
,22,tWbKscmoS0
,907,XpcMggXvkR
,967,FHA2ZLCRKq
,29,0ZaqvgMZzf
,520,aJgvJBGHyV
,34,U4AZNZCYdo
,968,4SRHvqaTLy
,365,F6BM0vKmUn
,59,og3XLpuo5w
,54,J6m617O7oC
,849,cvESf2Vmxr
,13,QOgxuNrO9S
,1435,BnQAc6r4jY
,848,BprSjR75q3
,515,kdXlpJsHyG
,1252,4RR03M8HZy
,367,XH1FiTOOro
,1446,kDGm3BB74h
,43,lYb1Px5SGd
,1137,aDlyZAHqdn
,1139,MTgcvgw8km
,53,lakqIMyA5E
,19,0P4HmhGeQq
,44,81ikd6HLAA
,61,zMWyDijErX
,845,aXENi3hlWe
,14,EutIv9XqcG
,1271,V6BDIsClL0
,844,41qY5cdObh
,522,tQiN2bzuwG
,969,ZTnL6iLMWZ
,37,m57CjDp64v
,38,qMmO34I1lZ
,45,Wq6ijCTWRq
,341,8H06VGXbMJ
,340,r4PORw6Iz1
,1107,1zOgWUobrX
,721,c5y0P6vTCs
,60,oQXul8UcSD
,66,ImqXjmdKAl
,26,Jx7bh00bJH
,16,mvjbyUKaUI
,846,S5VySI9tKM
,722,bXbYqYtAkA
,372,2g2GxsN11E
,366,juqmPH9Jb8
,41,AxWw6abl7k
,17,iF3JEuQKDx
,18,8PTtc9ByAe
,46,eQH6i3VnAG
,48,BhZixlWL0G
,47,9q5m6p2RGb
,15,upzllppgM2
,920,fPL92T6fv7
,901,7jExqrNV5G
,40,XJEVzM2OiE
,20,66UKNZvu3M
,703,jJqyxBByPn
,1483,0osp5rOcMh
,717,fNhI6fs0K9
,718,EBCnDaQqWE
,49,4DegWKRSOf
,58,KyCoKHW3sH
,28,cxx2DHo3xU
,859,ycOXHIFopS
,51,uaBNm1tDQN
,42,pwOCiqXmsK
,413,FAplVBYRDx
,425,O2dlGOq5Q3
,35,YocNymzh41
,50,F0pkd81QAU
,422,AMZ01HWWud
,884,wXGpSPBZ0o
,33,cbstU3c56W
,32,DNrn69Eo7I
,55,NYjJo5f3KE
,723,DVKrEN0MOP
,435,QYnCHqpAHl
,724,YXAu1kHe0l
,436,hYRWzem1fi
,63,1PJMtBCT1D
,731,QaMD6Iwe4O
,57,hHmBpmxBmb
,725,73g7PCcLQX
,571,O8DDZxKWs9
,24,j9XjFTlUhv
,30,sjFB8bfwIq
,65,wXE4BcnSE0
,850,EKf8Uvqvrw
,726,AdyUGc3djf
,27,6XrG3usfcH
,732,n7IpSnD6fJ
,23,RqDozFsJ9R
,716,oe47Q0mFzf
,36,aB39BKmUDm
,31,HTCeRWUC8V
,1449,0s5a2DX5bk
,25,C2QFVF9JJS
,729,eHJFe7kZqW
,62,tcE8rp1UsM
,730,T5p2SSUcd8
,64,LvQdMLYgEM
,851,mP1MvMVXwb
,560,NlmtuqHkyu
,558,9wI5u2RtJ8
,559,Qwnc6uFypI
,531,S2KnKotErh
,532,RcY2lF0nQH
,908,5Fz1lUxdBY
,451,IHchssAVMK
,1246,6oKXTEgvTo
,1445,5UYvpHmwTw
,764,yih0KOKsRa
,696,mcbegkfO1R
,710,XaUpTy3PpR
,704,enYS0Zg0ZH
,590,xEN8VdsLaH
,553,D65WCCmOz6
,556,GW2TO5cOmA
,841,DQTZ0MTucr
,836,AOPMb6Sjwz
,562,JRfRWAIKcK
,680,bBZ1XxCDhn
,683,45Ae9G7SVU
,682,NM7Cb6J9op
,681,o2JhMbh7B8
,1520,IBSLE6NYwR
,1521,wlFxL9977h
,471,LfyIYJg1AL
,738,lE0SE336Ev
,797,vqBDnPTQT0
,804,63DlmXdESA
,719,zvpFkDlLQ0
,720,PsEHACSgop
,387,yxlEKJM1HF
,386,FapIdmTde4
,639,XswuuicPzY
,902,cdS6mR8zGd
,634,1lCYbQQx6X
,863,KlOAj9Xalr
,368,7fTH7GaBOe
,382,POTkAhrWDm
,394,XpHNLZpGj7
,374,PiCDGvFnVS
,381,BXtNPEgVDb
,392,12hz42NghV
,812,vwp0PHiwt8
,654,BhEAh6UIHc
,655,x6kdRL6HLY
,663,CDE9Z3EI3F
,674,w7VXyz2usy
,666,pC8g6zpTad
,671,RroL9xDZMg
,672,o0XyoBE9ww
,668,kBSEe58bTZ
,669,ZHS3P6c4Xy
,675,fWy9gmKiBu
,673,XVFdEsBNXQ
,638,CJPSkObDG6
,793,tb84zNrNDB
,783,xEKvwlfRkE
,894,aLjzlAd8AJ
,485,C4RmOytC1A
,484,JCs9OKzxWC
,486,LMpKQY4011
,450,AvAitt1nKO
,591,ZirYlTrsOd
,596,6oZ8k4MjTD
,1507,jho45f90kv
,580,bbS5Nf5XpB
,864,FBbCRc4OaO
,524,aK8OhOJCLw
,648,pEv6A1eRZ0
,1204,0WCqgvz6eF
,573,Xo9PhWXtRt
,353,cAcOBmhosY
,1511,ZlyaZ8MleD
,742,jcy89fkLfB
,762,29oeXPpwPR
,1138,PVOk4m2FwH